{
    "best_val_accuracy": 0.9651567935943604,
    "best_val_loss": 0.11137794703245163,
    "total_epochs_trained": 24
}